name,hurst_median,hurst_lowci,hurst_highci
zmax_all_int,0.8712137190444535,0.8575563747157018,0.8852044351527221
zmax_all_slope,0.15353678153108072,0.15079834076242524,0.1562538952083428
zmax_mod_int,1.046285037001669,1.0352025971980447,1.0563097092447
zmax_mod_slope,0.11906711554215381,0.11709881826265957,0.12122913522076574
zmax_obs_int,-0.618492198777031,-0.6995957162647106,-0.5443213139918764
zmax_obs_slope,0.3944283879293562,0.38243938146389567,0.4072497650088493
